{"_type":"export","__export_format":4,"__export_date":"2022-11-19T20:32:10.312Z","__export_source":"insomnia.desktop.app:v2022.6.0","resources":[{"_id":"req_6febe935d15d48bd974afafb90717899","parentId":"fld_e24d821f42fc4c6192aed6e5c210f989","modified":1668711363741,"created":1667258560381,"url":"{{ _.locations_url }}/v1/locations/health","name":"health","description":"","method":"GET","body":{},"parameters":[{"id":"pair_bd578ccfa27b4b8bb1ba4e71ff783f47","name":"include","value":"database,services","description":""}],"headers":[],"authentication":{},"metaSortKey":-1666294080472,"isPrivate":false,"settingStoreCookies":true,"settingSendCookies":true,"settingDisableRenderRequestBody":false,"settingEncodeUrl":true,"settingRebuildPath":true,"settingFollowRedirects":"global","_type":"request"},{"_id":"fld_e24d821f42fc4c6192aed6e5c210f989","parentId":"wrk_a1e4ba1e366b42ffab00f633e5813e76","modified":1667258563091,"created":1667258560329,"name":"Locations","description":"","environment":{},"environmentPropertyOrder":null,"metaSortKey":-1000000100,"_type":"request_group"},{"_id":"wrk_a1e4ba1e366b42ffab00f633e5813e76","parentId":null,"modified":1664835042848,"created":1664835042848,"name":"@Steplix","description":"","scope":"collection","_type":"workspace"},{"_id":"req_158a82c4b45c4dcb8a24c42e2a3f29e8","parentId":"fld_70f8d19b949f420e9e41686e0c262a4f","modified":1668711559304,"created":1667258560345,"url":"{{ _.locations_url }}/v1/countries","name":"find","description":"","method":"GET","body":{},"parameters":[{"id":"pair_2ebecdd1b370434fbbe4665a81b328dc","name":"page","value":"1","description":"","disabled":true},{"id":"pair_42c6c4fb297c4ef184ab427ae33414e9","name":"pageSize","value":"10","description":"","disabled":true},{"id":"pair_2ab05e3c1f4d42fa8e970f93f6b8588a","name":"order","value":"id-DESC","description":"","disabled":false},{"id":"pair_066ff0ad803d40c7af1e46db131a79d7","name":"include","value":"pets,documentTypes,paymentGateways","description":"","disabled":true}],"headers":[],"authentication":{},"metaSortKey":-1666294080422,"isPrivate":false,"settingStoreCookies":true,"settingSendCookies":true,"settingDisableRenderRequestBody":false,"settingEncodeUrl":true,"settingRebuildPath":true,"settingFollowRedirects":"global","_type":"request"},{"_id":"fld_70f8d19b949f420e9e41686e0c262a4f","parentId":"fld_e24d821f42fc4c6192aed6e5c210f989","modified":1667266893735,"created":1667258560337,"name":"countries","description":"","environment":{},"environmentPropertyOrder":null,"metaSortKey":-1666294080422,"_type":"request_group"},{"_id":"req_96ec22993834462a89fc44e59c5138fe","parentId":"fld_70f8d19b949f420e9e41686e0c262a4f","modified":1668889811829,"created":1667258560357,"url":"{{ _.locations_url }}/v1/countries/1","name":"get by id","description":"","method":"GET","body":{},"parameters":[{"id":"pair_ec8024fece6746b8b030565c96ab1eb0","name":"include","value":"status,departments.cities","description":""}],"headers":[],"authentication":{},"metaSortKey":-1666294080372,"isPrivate":false,"settingStoreCookies":true,"settingSendCookies":true,"settingDisableRenderRequestBody":false,"settingEncodeUrl":true,"settingRebuildPath":true,"settingFollowRedirects":"global","_type":"request"},{"_id":"req_258e0690c5484be9a107576d8ce7ca8c","parentId":"fld_138e1fb2c9d6435483768045453b7596","modified":1668889824789,"created":1667267005752,"url":"{{ _.locations_url }}/v1/countries/1/departments","name":"find","description":"","method":"GET","body":{},"parameters":[{"id":"pair_2ebecdd1b370434fbbe4665a81b328dc","name":"page","value":"1","description":"","disabled":false},{"id":"pair_42c6c4fb297c4ef184ab427ae33414e9","name":"pageSize","value":"4","description":"","disabled":false},{"id":"pair_2ab05e3c1f4d42fa8e970f93f6b8588a","name":"order","value":"id-DESC","description":"","disabled":false},{"id":"pair_066ff0ad803d40c7af1e46db131a79d7","name":"include","value":"status,cities.status","description":"","disabled":false}],"headers":[],"authentication":{},"metaSortKey":-1666294080422,"isPrivate":false,"settingStoreCookies":true,"settingSendCookies":true,"settingDisableRenderRequestBody":false,"settingEncodeUrl":true,"settingRebuildPath":true,"settingFollowRedirects":"global","_type":"request"},{"_id":"fld_138e1fb2c9d6435483768045453b7596","parentId":"fld_70f8d19b949f420e9e41686e0c262a4f","modified":1667267011371,"created":1667267005747,"name":"departments","description":"","environment":{},"environmentPropertyOrder":null,"metaSortKey":-1666294080322,"_type":"request_group"},{"_id":"req_1175269bd13e4080809c130f30d9b42a","parentId":"fld_138e1fb2c9d6435483768045453b7596","modified":1668889834698,"created":1667267005760,"url":"{{ _.locations_url }}/v1/countries/1/departments/1","name":"get by id","description":"","method":"GET","body":{},"parameters":[{"id":"pair_066ff0ad803d40c7af1e46db131a79d7","name":"include","value":"status,cities.status","description":"","disabled":false}],"headers":[],"authentication":{},"metaSortKey":-1666294080372,"isPrivate":false,"settingStoreCookies":true,"settingSendCookies":true,"settingDisableRenderRequestBody":false,"settingEncodeUrl":true,"settingRebuildPath":true,"settingFollowRedirects":"global","_type":"request"},{"_id":"req_e862ccd1d96141c6a2449925cf55d847","parentId":"fld_2c0098adba8f44f789a14dd423649eca","modified":1668889843140,"created":1667312882048,"url":"{{ _.locations_url }}/v1/countries/1/departments/4/cities","name":"find","description":"","method":"GET","body":{},"parameters":[{"id":"pair_2ebecdd1b370434fbbe4665a81b328dc","name":"page","value":"1","description":"","disabled":false},{"id":"pair_42c6c4fb297c4ef184ab427ae33414e9","name":"pageSize","value":"4","description":"","disabled":false},{"id":"pair_2ab05e3c1f4d42fa8e970f93f6b8588a","name":"order","value":"id-DESC","description":"","disabled":false},{"id":"pair_066ff0ad803d40c7af1e46db131a79d7","name":"include","value":"status","description":"","disabled":false}],"headers":[],"authentication":{},"metaSortKey":-1666294080422,"isPrivate":false,"settingStoreCookies":true,"settingSendCookies":true,"settingDisableRenderRequestBody":false,"settingEncodeUrl":true,"settingRebuildPath":true,"settingFollowRedirects":"global","_type":"request"},{"_id":"fld_2c0098adba8f44f789a14dd423649eca","parentId":"fld_138e1fb2c9d6435483768045453b7596","modified":1667312886470,"created":1667312882041,"name":"cities","description":"","environment":{},"environmentPropertyOrder":null,"metaSortKey":-1666294080322,"_type":"request_group"},{"_id":"req_d5ff633f1fb24ae789172d3c1ea68dcd","parentId":"fld_2c0098adba8f44f789a14dd423649eca","modified":1668889859585,"created":1667312882055,"url":"{{ _.locations_url }}/v1/countries/1/departments/1/cities/1","name":"get by id","description":"","method":"GET","body":{},"parameters":[{"id":"pair_066ff0ad803d40c7af1e46db131a79d7","name":"include","value":"status","description":"","disabled":false}],"headers":[],"authentication":{},"metaSortKey":-1666294080372,"isPrivate":false,"settingStoreCookies":true,"settingSendCookies":true,"settingDisableRenderRequestBody":false,"settingEncodeUrl":true,"settingRebuildPath":true,"settingFollowRedirects":"global","_type":"request"},{"_id":"req_29621be8b73e49abaa4b8ec044233ec3","parentId":"fld_731f050c80244b59a141e11a2849326b","modified":1668889873754,"created":1667314296628,"url":"{{ _.locations_url }}/v1/countries/1/cities","name":"find","description":"","method":"GET","body":{},"parameters":[{"id":"pair_2ebecdd1b370434fbbe4665a81b328dc","name":"page","value":"1","description":"","disabled":true},{"id":"pair_42c6c4fb297c4ef184ab427ae33414e9","name":"pageSize","value":"10","description":"","disabled":true},{"id":"pair_2ab05e3c1f4d42fa8e970f93f6b8588a","name":"order","value":"id-DESC","description":"","disabled":true},{"id":"pair_066ff0ad803d40c7af1e46db131a79d7","name":"include","value":"status,department","description":"","disabled":false}],"headers":[],"authentication":{},"metaSortKey":-1666294080422,"isPrivate":false,"settingStoreCookies":true,"settingSendCookies":true,"settingDisableRenderRequestBody":false,"settingEncodeUrl":true,"settingRebuildPath":true,"settingFollowRedirects":"global","_type":"request"},{"_id":"fld_731f050c80244b59a141e11a2849326b","parentId":"fld_70f8d19b949f420e9e41686e0c262a4f","modified":1667314319800,"created":1667314296625,"name":"cities","description":"","environment":{},"environmentPropertyOrder":null,"metaSortKey":-1666294080272,"_type":"request_group"},{"_id":"req_e424ad1bf0db4168842da8abee2830bc","parentId":"fld_731f050c80244b59a141e11a2849326b","modified":1668889882608,"created":1667314296631,"url":"{{ _.locations_url }}/v1/countries/1/cities/1","name":"get by id","description":"","method":"GET","body":{},"parameters":[{"id":"pair_066ff0ad803d40c7af1e46db131a79d7","name":"include","value":"status,department","description":"","disabled":false}],"headers":[],"authentication":{},"metaSortKey":-1666294080372,"isPrivate":false,"settingStoreCookies":true,"settingSendCookies":true,"settingDisableRenderRequestBody":false,"settingEncodeUrl":true,"settingRebuildPath":true,"settingFollowRedirects":"global","_type":"request"},{"_id":"req_b1ca1d017f0e4f0898e4e2daa3ff37ec","parentId":"fld_1f381542c69a4f61bfee4b92a8291098","modified":1668889886686,"created":1667994839878,"url":"{{ _.locations_url }}/v1/cities","name":"find","description":"","method":"GET","body":{},"parameters":[{"id":"pair_2ebecdd1b370434fbbe4665a81b328dc","name":"page","value":"1","description":"","disabled":false},{"id":"pair_42c6c4fb297c4ef184ab427ae33414e9","name":"pageSize","value":"2","description":"","disabled":false},{"id":"pair_2ab05e3c1f4d42fa8e970f93f6b8588a","name":"order","value":"id-DESC","description":"","disabled":true},{"id":"pair_066ff0ad803d40c7af1e46db131a79d7","name":"include","value":"status,categories,brands,typeProducts,paymentMethods,paymentMethods.status,department","description":"","disabled":true}],"headers":[],"authentication":{},"metaSortKey":-1666294080422,"isPrivate":false,"settingStoreCookies":true,"settingSendCookies":true,"settingDisableRenderRequestBody":false,"settingEncodeUrl":true,"settingRebuildPath":true,"settingFollowRedirects":"global","_type":"request"},{"_id":"fld_1f381542c69a4f61bfee4b92a8291098","parentId":"fld_e24d821f42fc4c6192aed6e5c210f989","modified":1667994848840,"created":1667994839872,"name":"cities","description":"","environment":{},"environmentPropertyOrder":null,"metaSortKey":-1666294080372,"_type":"request_group"},{"_id":"req_80e47ce4fae6485d9f1b907e9350ea07","parentId":"fld_1f381542c69a4f61bfee4b92a8291098","modified":1668889895851,"created":1667994839882,"url":"{{ _.locations_url }}/v1/cities/1","name":"get by id","description":"","method":"GET","body":{},"parameters":[{"id":"pair_066ff0ad803d40c7af1e46db131a79d7","name":"include","value":"status,department.status","description":"","disabled":false}],"headers":[],"authentication":{},"metaSortKey":-1666294080372,"isPrivate":false,"settingStoreCookies":true,"settingSendCookies":true,"settingDisableRenderRequestBody":false,"settingEncodeUrl":true,"settingRebuildPath":true,"settingFollowRedirects":"global","_type":"request"},{"_id":"env_3fc2f08e5c86d95bce8d414b81dfd18bd671cf54","parentId":"wrk_a1e4ba1e366b42ffab00f633e5813e76","modified":1667415195202,"created":1664835042873,"name":"Base Environment","data":{},"dataPropertyOrder":{},"color":null,"isPrivate":false,"metaSortKey":1664835042873,"_type":"environment"},{"_id":"env_54c10dc43be082ed16c3014ec7e9402145102813","parentId":"wrk_a1e4ba1e366b42ffab00f633e5813e76","modified":1668889780012,"created":1664835042873,"name":"Base Environment","data":{"base_url":"http://localhost","locations_url":"{{ _.base_url }}:3003"},"dataPropertyOrder":{"&":["base_url","locations_url"]},"color":null,"isPrivate":false,"metaSortKey":1664835042873,"_type":"environment"},{"_id":"jar_3fc2f08e5c86d95bce8d414b81dfd18bd671cf54","parentId":"wrk_a1e4ba1e366b42ffab00f633e5813e76","modified":1664835042875,"created":1664835042875,"name":"Default Jar","cookies":[],"_type":"cookie_jar"},{"_id":"jar_54c10dc43be082ed16c3014ec7e9402145102813","parentId":"wrk_a1e4ba1e366b42ffab00f633e5813e76","modified":1664835042875,"created":1664835042875,"name":"Default Jar","cookies":[],"_type":"cookie_jar"},{"_id":"spc_7042814f79974d638742d2e5d24620eb","parentId":"wrk_a1e4ba1e366b42ffab00f633e5813e76","modified":1664835042857,"created":1664835042857,"fileName":"@Steplix","contents":"","contentType":"yaml","_type":"api_spec"}]}